{"cameraMode":{"drawMode":0,"name":"Shaded","section":"Shading Mode"},"sceneLighting":true,"audioPlay":false,"sceneViewState":{"showFog":true,"showMaterialUpdate":false,"showSkybox":true,"showFlares":true,"showImageEffects":true,"showParticleSystems":true},"in2DMode":false,"pivot":{"x":147.8419952392578,"y":-34.30167007446289,"z":-118.32353973388672},"rotation":{"x":-0.022701304405927659,"y":-0.9773188233375549,"z":0.12649360299110413,"w":-0.17017114162445069},"size":74.495361328125,"orthographic":false}