{"cameraMode":{"drawMode":0,"name":"Shaded","section":"Shading Mode"},"sceneLighting":true,"audioPlay":false,"sceneViewState":{"showFog":true,"showMaterialUpdate":false,"showSkybox":true,"showFlares":true,"showImageEffects":true,"showParticleSystems":true},"in2DMode":false,"pivot":{"x":55.35022735595703,"y":-3.558229446411133,"z":8.750489234924317},"rotation":{"x":0.13873104751110078,"y":-0.20274341106414796,"z":0.024206815287470819,"w":0.9697350263595581},"size":10.783679962158204,"orthographic":false}