{"cameraMode":{"drawMode":0,"name":"Shaded","section":"Shading Mode"},"sceneLighting":true,"audioPlay":false,"sceneViewState":{"showFog":true,"showMaterialUpdate":false,"showSkybox":true,"showFlares":true,"showImageEffects":true,"showParticleSystems":true},"in2DMode":false,"pivot":{"x":480.3604431152344,"y":361.83221435546877,"z":49.29705047607422},"rotation":{"x":-0.1098819300532341,"y":0.019992051646113397,"z":-0.002048472175374627,"w":-0.9938727617263794},"size":662.5311279296875,"orthographic":false}