{"cameraMode":{"drawMode":0,"name":"Shaded","section":"Shading Mode"},"sceneLighting":true,"audioPlay":false,"sceneViewState":{"showFog":true,"showMaterialUpdate":false,"showSkybox":true,"showFlares":true,"showImageEffects":true,"showParticleSystems":true},"in2DMode":false,"pivot":{"x":67.91314697265625,"y":-1.5015478134155274,"z":-32.45744705200195},"rotation":{"x":-0.00419504102319479,"y":-0.9859819412231445,"z":0.02546771988272667,"w":-0.16575059294700623},"size":15.771215438842774,"orthographic":false}