{"cameraMode":{"drawMode":0,"name":"Shaded","section":"Shading Mode"},"sceneLighting":true,"audioPlay":false,"sceneViewState":{"showFog":true,"showMaterialUpdate":false,"showSkybox":true,"showFlares":true,"showImageEffects":true,"showParticleSystems":true},"in2DMode":false,"pivot":{"x":53.96080017089844,"y":4.370438575744629,"z":-125.04219818115235},"rotation":{"x":0.00036770442966371775,"y":0.9995660185813904,"z":0.01888951100409031,"w":-0.02790035866200924},"size":65.5591049194336,"orthographic":false}