{"cameraMode":{"drawMode":0,"name":"Shaded","section":"Shading Mode"},"sceneLighting":true,"audioPlay":false,"sceneViewState":{"showFog":true,"showMaterialUpdate":false,"showSkybox":true,"showFlares":true,"showImageEffects":true,"showParticleSystems":true},"in2DMode":false,"pivot":{"x":20.69292449951172,"y":-14.078741073608399,"z":142.3057861328125},"rotation":{"x":0.07974162697792053,"y":-0.15039727091789246,"z":0.012826488353312016,"w":0.9855959415435791},"size":74.495361328125,"orthographic":false}