{"cameraMode":{"drawMode":0,"name":"Shaded","section":"Shading Mode"},"sceneLighting":true,"audioPlay":false,"sceneViewState":{"showFog":true,"showMaterialUpdate":false,"showSkybox":true,"showFlares":true,"showImageEffects":true,"showParticleSystems":true},"in2DMode":false,"pivot":{"x":185.896240234375,"y":53.250919342041019,"z":73.828125},"rotation":{"x":-0.11944118142127991,"y":0.4640979468822479,"z":0.06138799339532852,"w":0.8765575289726257},"size":81.39410400390625,"orthographic":false}