{"cameraMode":{"drawMode":0,"name":"Shaded","section":"Shading Mode"},"sceneLighting":true,"audioPlay":false,"sceneViewState":{"showFog":true,"showMaterialUpdate":false,"showSkybox":true,"showFlares":true,"showImageEffects":true,"showParticleSystems":true},"in2DMode":false,"pivot":{"x":393.3291015625,"y":340.90667724609377,"z":-196.99835205078126},"rotation":{"x":-0.021305952221155168,"y":0.07168609648942948,"z":-0.0008594657992944121,"w":-0.9973911643028259},"size":390.47198486328127,"orthographic":false}