{"cameraMode":{"drawMode":0,"name":"Shaded","section":"Shading Mode"},"sceneLighting":true,"audioPlay":false,"sceneViewState":{"showFog":true,"showMaterialUpdate":false,"showSkybox":true,"showFlares":true,"showImageEffects":true,"showParticleSystems":true},"in2DMode":false,"pivot":{"x":-248.75331115722657,"y":-68.14639282226563,"z":-47.65240478515625},"rotation":{"x":0.06862024962902069,"y":-0.7654484510421753,"z":0.07755686342716217,"w":0.6360853910446167},"size":174.09759521484376,"orthographic":false}