{"cameraMode":{"drawMode":0,"name":"Shaded","section":"Shading Mode"},"sceneLighting":true,"audioPlay":false,"sceneViewState":{"showFog":true,"showMaterialUpdate":false,"showSkybox":true,"showFlares":true,"showImageEffects":true,"showParticleSystems":true},"in2DMode":false,"pivot":{"x":-76.12818145751953,"y":-4.9542765617370609,"z":-2.4639596939086916},"rotation":{"x":0.04402466490864754,"y":-0.6951195597648621,"z":0.043103788048028949,"w":0.7167360782623291},"size":74.495361328125,"orthographic":false}