{"cameraMode":{"drawMode":0,"name":"Shaded","section":"Shading Mode"},"sceneLighting":false,"audioPlay":false,"sceneViewState":{"showFog":true,"showMaterialUpdate":false,"showSkybox":false,"showFlares":true,"showImageEffects":true,"showParticleSystems":true},"in2DMode":false,"pivot":{"x":0.09410470724105835,"y":-0.28420042991638186,"z":-0.6884150505065918},"rotation":{"x":-0.01822921633720398,"y":-0.9760194420814514,"z":0.09443819522857666,"w":-0.19623929262161256},"size":0.8660253882408142,"orthographic":false}