{"cameraMode":{"drawMode":0,"name":"Shaded","section":"Shading Mode"},"sceneLighting":true,"audioPlay":false,"sceneViewState":{"showFog":true,"showMaterialUpdate":false,"showSkybox":true,"showFlares":true,"showImageEffects":true,"showParticleSystems":true},"in2DMode":false,"pivot":{"x":67.186279296875,"y":5.599775314331055,"z":2.6606223583221437},"rotation":{"x":-0.06951603293418884,"y":-0.8811346292495728,"z":0.1395920217037201,"w":-0.44849491119384768},"size":1.9621894359588624,"orthographic":false}