{"cameraMode":{"drawMode":0,"name":"Shaded","section":"Shading Mode"},"sceneLighting":false,"audioPlay":false,"sceneViewState":{"showFog":true,"showMaterialUpdate":false,"showSkybox":false,"showFlares":true,"showImageEffects":true,"showParticleSystems":true},"in2DMode":false,"pivot":{"x":-0.19579172134399415,"y":-0.14126837253570558,"z":-0.10169577598571778},"rotation":{"x":0.26272469758987429,"y":-0.22408494353294373,"z":0.06212592497467995,"w":0.9366282224655151},"size":0.5660253763198853,"orthographic":false}