{"cameraMode":{"drawMode":0,"name":"Shaded","section":"Shading Mode"},"sceneLighting":true,"audioPlay":false,"sceneViewState":{"showFog":true,"showMaterialUpdate":false,"showSkybox":true,"showFlares":true,"showImageEffects":true,"showParticleSystems":true},"in2DMode":false,"pivot":{"x":173.97279357910157,"y":-15.764823913574219,"z":65.88676452636719},"rotation":{"x":-0.08809350430965424,"y":-0.5366125106811523,"z":0.056548185646533969,"w":-0.8378066420555115},"size":74.495361328125,"orthographic":false}