{"cameraMode":{"drawMode":0,"name":"Shaded","section":"Shading Mode"},"sceneLighting":true,"audioPlay":false,"sceneViewState":{"showFog":true,"showMaterialUpdate":false,"showSkybox":true,"showFlares":true,"showImageEffects":true,"showParticleSystems":true},"in2DMode":false,"pivot":{"x":60.55319595336914,"y":-0.2855145037174225,"z":-2.894503116607666},"rotation":{"x":-0.06445092707872391,"y":0.8396875858306885,"z":-0.10127107799053192,"w":-0.5299646258354187},"size":0.8074842095375061,"orthographic":false}