{"cameraMode":{"drawMode":0,"name":"Shaded","section":"Shading Mode"},"sceneLighting":true,"audioPlay":false,"sceneViewState":{"showFog":true,"showMaterialUpdate":false,"showSkybox":true,"showFlares":true,"showImageEffects":true,"showParticleSystems":true},"in2DMode":false,"pivot":{"x":169.23544311523438,"y":10.09692668914795,"z":-92.51725769042969},"rotation":{"x":0.0278688445687294,"y":0.8907656073570252,"z":-0.05461861565709114,"w":0.4512583911418915},"size":74.495361328125,"orthographic":false}